{"album":{"id":"15601322323580","user_identifier":"$2a$10$RoTu4GtNVExfS579graxTO0G.dnoW7UaPNirxYchTVYSnlW336k3u","title":"Hello","description":"","path":null,"sysstamp":"1560132232","public":"0","visible":"1","downloadable":"0","password":"","import_id":"0"},"photos":[{"id":"11","title":"pexels-photo-808704","user_identifier":"$2a$10$RoTu4GtNVExfS579graxTO0G.dnoW7UaPNirxYchTVYSnlW336k3u","description":"","url":"b5ebc789e389f1f2a020144efc3f8006.jpeg","tags":"","public":"0","type":"image\/jpeg","width":"3154","height":"1775","size":"2.9 MB","iso":"80","aperture":"f\/2.2","make":"HUAWEI","model":"EVA-L09","shutter":"10000000\/1000000000 s","focal":"4.5 mm","takestamp":"1515228027","star":"0","thumbUrl":"b5ebc789e389f1f2a020144efc3f8006.jpeg","album":"15601322323580","checksum":"d2666a9f4124e5a02c1f4218269c3b60355ab5b0","medium":"0","position":"0","import_id":null}],"slides":[{"id":"1","album_id":"15601322323580","photo_id":"11","folder_id":"1","position":"1","note":"hihihi"},{"id":"4","album_id":"15601322323580","photo_id":"11","folder_id":"1","position":"0","note":null}],"folders":[{"id":"1","album_id":"15601322323580","title":"Untitled~","parent_folder":null,"position":"0","note":null,"import_id":"0"}]}