{"album":{"id":"15544334644858","user_identifier":"$2a$10$RoTu4GtNVExfS579graxTO0G.dnoW7UaPNirxYchTVYSnlW336k3u","title":"Hello~","description":"","path":null,"sysstamp":"1554433464","public":"1","visible":"1","downloadable":"0","password":"$2a$10$ZX8sz1UKbWV4Yh6PZP.tX.vTC23D6WICtxFEYY8IQSn1VGDof93Oi","import_id":"0"},"photos":[{"id":"15549499195246","title":"3ABD77831","user_identifier":"$2a$10$RoTu4GtNVExfS579graxTO0G.dnoW7UaPNirxYchTVYSnlW336k3u","description":"","url":"61b6794fcff61fa3a897c22ffe49be48.jpg","tags":"","public":"0","type":"image\/jpeg","width":"1440","height":"900","size":"87.7 KB","iso":"","aperture":"","make":"","model":"","shutter":"","focal":"","takestamp":"0","star":"0","thumbUrl":"61b6794fcff61fa3a897c22ffe49be48.jpeg","album":"15544334644858","checksum":"3c3c2d9c8e6f6f8ed9353c94cbd39dcd7700b3fe","medium":"0","position":"28","import_id":"0"},{"id":"15544334815092","title":"3dnd6e94j4wy","user_identifier":"$2a$10$RoTu4GtNVExfS579graxTO0G.dnoW7UaPNirxYchTVYSnlW336k3u","description":"","url":"e84039d3c8768e0d51093cda2499daed.jpg","tags":"","public":"0","type":"image\/jpeg","width":"951","height":"1255","size":"168.9 KB","iso":"","aperture":"","make":"","model":"","shutter":"","focal":"","takestamp":"0","star":"0","thumbUrl":"e84039d3c8768e0d51093cda2499daed.jpeg","album":"15544334644858","checksum":"7a75f3c6061bf9ec3c8ad00540d9f796db7d0363","medium":"0","position":"31","import_id":"0"},{"id":"15544335369555","title":"planets","user_identifier":"$2a$10$RoTu4GtNVExfS579graxTO0G.dnoW7UaPNirxYchTVYSnlW336k3u","description":"","url":"21624287b8e389bf0e24923cc1ea5cd4.jpg","tags":"","public":"0","type":"image\/jpeg","width":"2560","height":"1600","size":"35.7 KB","iso":"","aperture":"","make":"","model":"","shutter":"","focal":"","takestamp":"0","star":"0","thumbUrl":"21624287b8e389bf0e24923cc1ea5cd4.jpeg","album":"15544334644858","checksum":"1c79612e0698cb25506bebb47b11fb074a3c2cf3","medium":"0","position":"30","import_id":"0"},{"id":"15549481270158","title":"25181709_868755343305643_747348745_n","user_identifier":"$2a$10$RoTu4GtNVExfS579graxTO0G.dnoW7UaPNirxYchTVYSnlW336k3u","description":"","url":"377f377ef3193e17ca3cc5b97d1dfae2.jpg","tags":"","public":"0","type":"image\/jpeg","width":"480","height":"480","size":"27.4 KB","iso":"","aperture":"","make":"","model":"","shutter":"","focal":"","takestamp":"0","star":"0","thumbUrl":"377f377ef3193e17ca3cc5b97d1dfae2.jpeg","album":"15544334644858","checksum":"845076e9ee86c14a5f95ba57875beccca1513b14","medium":"0","position":"29","import_id":"0"},{"id":"15549499198715","title":"3LfKwNH","user_identifier":"$2a$10$RoTu4GtNVExfS579graxTO0G.dnoW7UaPNirxYchTVYSnlW336k3u","description":"","url":"ca5a0e5c50a8dbfce81f6326f354e1f5.jpg","tags":"","public":"0","type":"image\/jpeg","width":"1680","height":"1050","size":"158.3 KB","iso":"","aperture":"","make":"","model":"","shutter":"","focal":"","takestamp":"0","star":"0","thumbUrl":"ca5a0e5c50a8dbfce81f6326f354e1f5.jpeg","album":"15544334644858","checksum":"f9f526e43d5bdcf7301121a26d953730b8af9715","medium":"0","position":"27","import_id":"0"},{"id":"15549499200341","title":"8d1f20f7ebf8e5a73c410a3df54f272d","user_identifier":"$2a$10$RoTu4GtNVExfS579graxTO0G.dnoW7UaPNirxYchTVYSnlW336k3u","description":"","url":"96c6afb7976c9542e9a5172d7ce0567e.jpg","tags":"","public":"0","type":"image\/jpeg","width":"2560","height":"1440","size":"91.2 KB","iso":"","aperture":"","make":"","model":"","shutter":"","focal":"","takestamp":"0","star":"0","thumbUrl":"96c6afb7976c9542e9a5172d7ce0567e.jpeg","album":"15544334644858","checksum":"1238fa47d3cf3d5b1b599957dd783b44887a716f","medium":"0","position":"26","import_id":"0"},{"id":"15549499202047","title":"82-1024x576","user_identifier":"$2a$10$RoTu4GtNVExfS579graxTO0G.dnoW7UaPNirxYchTVYSnlW336k3u","description":"","url":"bf5c7fb459d47fc58dfb02468dbe6fd6.jpg","tags":"","public":"0","type":"image\/jpeg","width":"1024","height":"576","size":"6.4 KB","iso":"","aperture":"","make":"","model":"","shutter":"","focal":"","takestamp":"0","star":"0","thumbUrl":"bf5c7fb459d47fc58dfb02468dbe6fd6.jpeg","album":"15544334644858","checksum":"98f525bebaa1c1873ad030ca127ae1ed2534f583","medium":"0","position":"25","import_id":"0"},{"id":"15549499202742","title":"288267","user_identifier":"$2a$10$RoTu4GtNVExfS579graxTO0G.dnoW7UaPNirxYchTVYSnlW336k3u","description":"","url":"77e03dfdc42459b707d13ef285e70801.png","tags":"","public":"0","type":"image\/png","width":"2560","height":"1600","size":"30 KB","iso":"","aperture":"","make":"","model":"","shutter":"","focal":"","takestamp":"0","star":"0","thumbUrl":"77e03dfdc42459b707d13ef285e70801.jpeg","album":"15544334644858","checksum":"ced0a23819a5489e3c58a75dd31cb15ee29f5d87","medium":"0","position":"24","import_id":"0"},{"id":"15549499204871","title":"598199","user_identifier":"$2a$10$RoTu4GtNVExfS579graxTO0G.dnoW7UaPNirxYchTVYSnlW336k3u","description":"","url":"058b335bbbfd8afbb159b9fc0ade8cc8.jpg","tags":"","public":"0","type":"image\/jpeg","width":"2560","height":"1440","size":"81.9 KB","iso":"","aperture":"","make":"","model":"","shutter":"","focal":"","takestamp":"0","star":"0","thumbUrl":"058b335bbbfd8afbb159b9fc0ade8cc8.jpeg","album":"15544334644858","checksum":"aa075518fb534ac7e7d809c652520de64fa6a2ee","medium":"0","position":"32","import_id":"0"},{"id":"15549499207804","title":"24197212_862472633933914_1241900732_o","user_identifier":"$2a$10$RoTu4GtNVExfS579graxTO0G.dnoW7UaPNirxYchTVYSnlW336k3u","description":"","url":"f203a694eb38a9d28935b5f6680c740a.jpg","tags":"","public":"0","type":"image\/jpeg","width":"719","height":"1280","size":"143.3 KB","iso":"","aperture":"","make":"","model":"","shutter":"","focal":"","takestamp":"0","star":"0","thumbUrl":"f203a694eb38a9d28935b5f6680c740a.jpeg","album":"15544334644858","checksum":"4b6fe4f1feb7704cd78361ef196c7578d5d43d5f","medium":"0","position":"23","import_id":"0"},{"id":"15549499208878","title":"dai-gia-gatsby1","user_identifier":"$2a$10$RoTu4GtNVExfS579graxTO0G.dnoW7UaPNirxYchTVYSnlW336k3u","description":"","url":"53ffb516fda073a6fbd3666ba46ef008.jpg","tags":"","public":"0","type":"image\/jpeg","width":"960","height":"640","size":"75 KB","iso":"","aperture":"","make":"","model":"","shutter":"","focal":"","takestamp":"0","star":"0","thumbUrl":"53ffb516fda073a6fbd3666ba46ef008.jpeg","album":"15544334644858","checksum":"a2c3279c7131db4b5f9d8d6522ad9fc04c091e54","medium":"0","position":"22","import_id":"0"},{"id":"15549499209806","title":"25114704_868493963331781_1598322348_n","user_identifier":"$2a$10$RoTu4GtNVExfS579graxTO0G.dnoW7UaPNirxYchTVYSnlW336k3u","description":"","url":"4d959f1e815f3459b8e65b88909b286a.jpg","tags":"","public":"0","type":"image\/jpeg","width":"736","height":"794","size":"56.3 KB","iso":"","aperture":"","make":"","model":"","shutter":"","focal":"","takestamp":"0","star":"0","thumbUrl":"4d959f1e815f3459b8e65b88909b286a.jpeg","album":"15544334644858","checksum":"ccace022d2b033f2da736d1ab01efa14923eda4e","medium":"0","position":"21","import_id":"0"},{"id":"15549499210802","title":"dai-gia-gatsby","user_identifier":"$2a$10$RoTu4GtNVExfS579graxTO0G.dnoW7UaPNirxYchTVYSnlW336k3u","description":"","url":"e2dc5680471f5baa066ba6c5df7cd08c.jpg","tags":"","public":"0","type":"image\/jpeg","width":"800","height":"600","size":"148.3 KB","iso":"","aperture":"","make":"","model":"","shutter":"","focal":"","takestamp":"0","star":"0","thumbUrl":"e2dc5680471f5baa066ba6c5df7cd08c.jpeg","album":"15544334644858","checksum":"c27e0e1335893e64181e0c7e6dbac2d199fd8235","medium":"0","position":"20","import_id":"0"},{"id":"15549499211877","title":"famous_quotes_wallpapers_29","user_identifier":"$2a$10$RoTu4GtNVExfS579graxTO0G.dnoW7UaPNirxYchTVYSnlW336k3u","description":"","url":"a0206a024218f786e5aded4144a7eeb9.jpg","tags":"","public":"0","type":"image\/jpeg","width":"600","height":"375","size":"12.1 KB","iso":"","aperture":"","make":"","model":"","shutter":"","focal":"","takestamp":"0","star":"0","thumbUrl":"a0206a024218f786e5aded4144a7eeb9.jpeg","album":"15544334644858","checksum":"f580faf76fe81389b61c215249feeefbef2a5a21","medium":"0","position":"19","import_id":"0"},{"id":"15549499212541","title":"222779916_0a395635cc","user_identifier":"$2a$10$RoTu4GtNVExfS579graxTO0G.dnoW7UaPNirxYchTVYSnlW336k3u","description":"","url":"9c7795b67585ea9a389f3c906dfea3ab.png","tags":"","public":"0","type":"image\/png","width":"2560","height":"1600","size":"16 KB","iso":"","aperture":"","make":"","model":"","shutter":"","focal":"","takestamp":"0","star":"0","thumbUrl":"9c7795b67585ea9a389f3c906dfea3ab.jpeg","album":"15544334644858","checksum":"335d417f3cb779d4a70668425bb1e41adf4e6547","medium":"0","position":"18","import_id":"0"},{"id":"15549499214262","title":"Great-Gatsby-wallpaper_03-620x350","user_identifier":"$2a$10$RoTu4GtNVExfS579graxTO0G.dnoW7UaPNirxYchTVYSnlW336k3u","description":"","url":"8c69aabd519399af13575343b088976b.jpg","tags":"","public":"0","type":"image\/jpeg","width":"620","height":"350","size":"77.9 KB","iso":"","aperture":"","make":"","model":"","shutter":"","focal":"","takestamp":"0","star":"0","thumbUrl":"8c69aabd519399af13575343b088976b.jpeg","album":"15544334644858","checksum":"6c11556f8db3e16ef06ed3befc20efd6bcc9112c","medium":"0","position":"17","import_id":"0"},{"id":"15549499214984","title":"ice_cream_colorful_minimalist_sweet_66180_1920x1080","user_identifier":"$2a$10$RoTu4GtNVExfS579graxTO0G.dnoW7UaPNirxYchTVYSnlW336k3u","description":"","url":"b38211363592ea3850e9696c887f65f0.jpg","tags":"","public":"0","type":"image\/jpeg","width":"1920","height":"1080","size":"72.8 KB","iso":"","aperture":"","make":"","model":"","shutter":"","focal":"","takestamp":"0","star":"0","thumbUrl":"b38211363592ea3850e9696c887f65f0.jpeg","album":"15544334644858","checksum":"d27820c3240044f9c6b6f2400bfe848eaeaafdd3","medium":"0","position":"16","import_id":"0"},{"id":"15549499216123","title":"Earth-540x337","user_identifier":"$2a$10$RoTu4GtNVExfS579graxTO0G.dnoW7UaPNirxYchTVYSnlW336k3u","description":"","url":"c4eb07095f09c0ebfb0237b5438aa722.png","tags":"","public":"0","type":"image\/png","width":"540","height":"337","size":"53.6 KB","iso":"","aperture":"","make":"","model":"","shutter":"","focal":"","takestamp":"0","star":"0","thumbUrl":"c4eb07095f09c0ebfb0237b5438aa722.jpeg","album":"15544334644858","checksum":"2ca232068513ae6d48e23ac3b04b8df3470c36d8","medium":"0","position":"15","import_id":"0"},{"id":"15549499216760","title":"iphone-x-minimal-dark-white-mockup-psd","user_identifier":"$2a$10$RoTu4GtNVExfS579graxTO0G.dnoW7UaPNirxYchTVYSnlW336k3u","description":"","url":"4cd574c14d7b7be1ab5cf609e290956d.jpg","tags":"","public":"0","type":"image\/jpeg","width":"850","height":"573","size":"29.9 KB","iso":"","aperture":"","make":"","model":"","shutter":"","focal":"","takestamp":"0","star":"0","thumbUrl":"4cd574c14d7b7be1ab5cf609e290956d.jpeg","album":"15544334644858","checksum":"b55633b7e165784926a05f8c8b689af65ee217a1","medium":"0","position":"14","import_id":"0"},{"id":"15549499217519","title":"minimalist_wallpaper_for_desktop_001","user_identifier":"$2a$10$RoTu4GtNVExfS579graxTO0G.dnoW7UaPNirxYchTVYSnlW336k3u","description":"","url":"3910bf66d74c27a976487cfb27de1fe2.jpg","tags":"","public":"0","type":"image\/jpeg","width":"2560","height":"1600","size":"70.1 KB","iso":"","aperture":"","make":"","model":"","shutter":"","focal":"","takestamp":"0","star":"0","thumbUrl":"3910bf66d74c27a976487cfb27de1fe2.jpeg","album":"15544334644858","checksum":"377e34faaacfb34811cc7df48120fb13d2015f2a","medium":"0","position":"13","import_id":"0"},{"id":"15549499219047","title":"hd-black-wallpaper-1920x1080-wallpaper","user_identifier":"$2a$10$RoTu4GtNVExfS579graxTO0G.dnoW7UaPNirxYchTVYSnlW336k3u","description":"","url":"18acb2fa9bf872e47987ffc8fc3ad84e.jpg","tags":"","public":"0","type":"image\/jpeg","width":"1920","height":"1080","size":"51.6 KB","iso":"","aperture":"","make":"","model":"","shutter":"","focal":"","takestamp":"0","star":"0","thumbUrl":"18acb2fa9bf872e47987ffc8fc3ad84e.jpeg","album":"15544334644858","checksum":"b9b819dfb2b45d47bf36ec879549a0759f7965b9","medium":"0","position":"10","import_id":"0"},{"id":"15549499220516","title":"minimalism-wallpaper-minimalism-wallpaper-minimalist-wallpaper-iphone-6-minimalist-wallpaper-hd-mini","user_identifier":"$2a$10$RoTu4GtNVExfS579graxTO0G.dnoW7UaPNirxYchTVYSnlW336k3u","description":"","url":"6a1aaf12b0d225117efc5b2dc53c68d7.png","tags":"","public":"0","type":"image\/png","width":"2560","height":"1600","size":"46.9 KB","iso":"","aperture":"","make":"","model":"","shutter":"","focal":"","takestamp":"0","star":"0","thumbUrl":"6a1aaf12b0d225117efc5b2dc53c68d7.jpeg","album":"15544334644858","checksum":"36681073c68c89cc05edb502d1b189e0482caab3","medium":"0","position":"8","import_id":"0"},{"id":"15549499222024","title":"planes-wallpapers-simple-colors-minimalistic-aircraft","user_identifier":"$2a$10$RoTu4GtNVExfS579graxTO0G.dnoW7UaPNirxYchTVYSnlW336k3u","description":"","url":"bf4946ce000047ee7a6e60653bbf8e13.jpg","tags":"","public":"0","type":"image\/jpeg","width":"2560","height":"1440","size":"95 KB","iso":"","aperture":"","make":"","model":"","shutter":"","focal":"","takestamp":"0","star":"0","thumbUrl":"bf4946ce000047ee7a6e60653bbf8e13.jpeg","album":"15544334644858","checksum":"53858ed64588de3b79bc93e6796f9b09cf56fc01","medium":"0","position":"0","import_id":"0"},{"id":"15549499223342","title":"My_Favorite_Book_by_Matt_Lowden","user_identifier":"$2a$10$RoTu4GtNVExfS579graxTO0G.dnoW7UaPNirxYchTVYSnlW336k3u","description":"","url":"41df1aaa7fba6414ffe0d96c56a82620.jpg","tags":"","public":"0","type":"image\/jpeg","width":"600","height":"383","size":"15.3 KB","iso":"","aperture":"","make":"","model":"","shutter":"","focal":"","takestamp":"0","star":"0","thumbUrl":"41df1aaa7fba6414ffe0d96c56a82620.jpeg","album":"15544334644858","checksum":"34854ac5dcd0144c36fc51e21350de4ff504a5ab","medium":"0","position":"6","import_id":"0"},{"id":"15549499223795","title":"s1","user_identifier":"$2a$10$RoTu4GtNVExfS579graxTO0G.dnoW7UaPNirxYchTVYSnlW336k3u","description":"","url":"71dd3732c7d7b2aab6cac27feea1441b.jpg","tags":"","public":"0","type":"image\/jpeg","width":"600","height":"375","size":"20.9 KB","iso":"","aperture":"","make":"","model":"","shutter":"","focal":"","takestamp":"0","star":"0","thumbUrl":"71dd3732c7d7b2aab6cac27feea1441b.jpeg","album":"15544334644858","checksum":"e5812f9268b4f38f1f2f2eaef2fd513cf31af40e","medium":"0","position":"5","import_id":"0"},{"id":"15549499224302","title":"niU10Et~","user_identifier":"$2a$10$RoTu4GtNVExfS579graxTO0G.dnoW7UaPNirxYchTVYSnlW336k3u","description":"","url":"ea8c83c3689c359b478657c7d9950786.jpg","tags":"","public":"0","type":"image\/jpeg","width":"1920","height":"1200","size":"27.8 KB","iso":"","aperture":"","make":"","model":"","shutter":"","focal":"","takestamp":"0","star":"0","thumbUrl":"ea8c83c3689c359b478657c7d9950786.jpeg","album":"15544334644858","checksum":"f26526dfb9ee771d2de6ece83b77a36f761f162f","medium":"0","position":"7","import_id":"0"},{"id":"15549499225199","title":"s2","user_identifier":"$2a$10$RoTu4GtNVExfS579graxTO0G.dnoW7UaPNirxYchTVYSnlW336k3u","description":"image description","url":"2a2ea62d8b6969ece49ec289eb4558f2.jpg","tags":"","public":"0","type":"image\/jpeg","width":"1131","height":"707","size":"33.1 KB","iso":"","aperture":"","make":"","model":"","shutter":"","focal":"","takestamp":"0","star":"0","thumbUrl":"2a2ea62d8b6969ece49ec289eb4558f2.jpeg","album":"15544334644858","checksum":"c36cfa4368020fff90fb758b565b586ea5fa541b","medium":"0","position":"4","import_id":"0"},{"id":"15549499226137","title":"topic~","user_identifier":"$2a$10$RoTu4GtNVExfS579graxTO0G.dnoW7UaPNirxYchTVYSnlW336k3u","description":"crap~","url":"70416f7ab77396b048e079ad4a4c373b.jpg","tags":"","public":"0","type":"image\/jpeg","width":"326","height":"285","size":"19.3 KB","iso":"","aperture":"","make":"","model":"","shutter":"","focal":"","takestamp":"0","star":"0","thumbUrl":"70416f7ab77396b048e079ad4a4c373b.jpeg","album":"15544334644858","checksum":"4ba12c54728f44ce4d9f65f50756357c5331bf8c","medium":"0","position":"2","import_id":"0"},{"id":"15549499226620","title":"Space Ship Comet Neon Illustration Desktop Wallpaper","user_identifier":"$2a$10$RoTu4GtNVExfS579graxTO0G.dnoW7UaPNirxYchTVYSnlW336k3u","description":"","url":"67b545363bec364999640822aa9f9a6b.jpg","tags":"","public":"0","type":"image\/jpeg","width":"2880","height":"1800","size":"1.1 MB","iso":"","aperture":"","make":"","model":"","shutter":"","focal":"","takestamp":"0","star":"0","thumbUrl":"67b545363bec364999640822aa9f9a6b.jpeg","album":"15544334644858","checksum":"e932d1526fe80b1326f0554c299d38c9973ce93e","medium":"0","position":"3","import_id":"0"},{"id":"15549499229540","title":"s3","user_identifier":"$2a$10$RoTu4GtNVExfS579graxTO0G.dnoW7UaPNirxYchTVYSnlW336k3u","description":"","url":"af91c65a1854a9ea7c0fdebf8680dbc1.jpg","tags":"","public":"0","type":"image\/jpeg","width":"2560","height":"1600","size":"79.4 KB","iso":"","aperture":"","make":"","model":"","shutter":"","focal":"","takestamp":"0","star":"0","thumbUrl":"af91c65a1854a9ea7c0fdebf8680dbc1.jpeg","album":"15544334644858","checksum":"f7ad4687386a0b76619972fda99749b60fa28fc0","medium":"0","position":"11","import_id":"0"},{"id":"15549499230781","title":"World~","user_identifier":"$2a$10$RoTu4GtNVExfS579graxTO0G.dnoW7UaPNirxYchTVYSnlW336k3u","description":"trfd","url":"78c02923dfd6896a6a27d6d45accd902.jpg","tags":"","public":"0","type":"image\/jpeg","width":"1920","height":"1080","size":"95.9 KB","iso":"","aperture":"","make":"","model":"","shutter":"","focal":"","takestamp":"0","star":"0","thumbUrl":"78c02923dfd6896a6a27d6d45accd902.jpeg","album":"15544334644858","checksum":"721a936fc244fb24fe79ba63ade0f0d146b49631","medium":"0","position":"12","import_id":"0"},{"id":"15549499231858","title":"solar-system-minimalism-q1","user_identifier":"$2a$10$RoTu4GtNVExfS579graxTO0G.dnoW7UaPNirxYchTVYSnlW336k3u","description":"","url":"a313bb6317878993ede5e206f9ff3ea6.jpg","tags":"","public":"0","type":"image\/jpeg","width":"3450","height":"2065","size":"141.4 KB","iso":"","aperture":"","make":"","model":"","shutter":"","focal":"","takestamp":"0","star":"0","thumbUrl":"a313bb6317878993ede5e206f9ff3ea6.jpeg","album":"15544334644858","checksum":"2118d2716dbb05d4b14ec4074c9cbd715b487056","medium":"0","position":"9","import_id":"0"},{"id":"15569936258338","title":"Screenshot from 2019-05-03 16-24-36","user_identifier":"$2a$10$RoTu4GtNVExfS579graxTO0G.dnoW7UaPNirxYchTVYSnlW336k3u","description":"","url":"8607fa1251cdcc2a51eefdf1b0a9e604.png","tags":"","public":"0","type":"image\/png","width":"1920","height":"1080","size":"740.6 KB","iso":"","aperture":"","make":"","model":"","shutter":"","focal":"","takestamp":"0","star":"0","thumbUrl":"8607fa1251cdcc2a51eefdf1b0a9e604.jpeg","album":"15544334644858","checksum":"19836b041898fe57a0144bb67b42fb2a31783f9d","medium":"0","position":"1","import_id":"0"},{"id":"15570237386597","title":"Screenshot from 2019-05-04 13-48-21","user_identifier":"$2a$10$RoTu4GtNVExfS579graxTO0G.dnoW7UaPNirxYchTVYSnlW336k3u","description":"","url":"f9fcfbc1d982b73152f00332728588c9.png","tags":"","public":"0","type":"image\/png","width":"1004","height":"469","size":"157.2 KB","iso":"","aperture":"","make":"","model":"","shutter":"","focal":"","takestamp":"0","star":"0","thumbUrl":"f9fcfbc1d982b73152f00332728588c9.jpeg","album":"15544334644858","checksum":"4ea8012df464626316507d38bd03449282e1212c","medium":"0","position":"0","import_id":"0"}],"slides":[{"id":"15569968643206","album_id":"15544334644858","photo_id":"15569936258338","folder_id":"15569558561311","position":"0","note":null},{"id":"15569970030939","album_id":"15544334644858","photo_id":"15569936258338","folder_id":"15569558437702","position":"0","note":null},{"id":"15569970055605","album_id":"15544334644858","photo_id":"15569936258338","folder_id":"15569558437702","position":"0","note":null},{"id":"15569973019508","album_id":"15544334644858","photo_id":"15549499224302","folder_id":"15569558561311","position":"0","note":null},{"id":"15569973145083","album_id":"15544334644858","photo_id":"15549499223342","folder_id":"15569558437702","position":"0","note":null},{"id":"15569975044185","album_id":"15544334644858","photo_id":"15569936258338","folder_id":"15569558437702","position":"0","note":null},{"id":"15569975282091","album_id":"15544334644858","photo_id":"15569936258338","folder_id":"15569558437702","position":"0","note":null},{"id":"15569977853496","album_id":"15544334644858","photo_id":"15549499226137","folder_id":"15569558437702","position":"0","note":null},{"id":"15569978192160","album_id":"15544334644858","photo_id":"15549499223342","folder_id":"15569856288016","position":"0","note":null},{"id":"15569978434662","album_id":"15544334644858","photo_id":"15549499223342","folder_id":"15569856288016","position":"0","note":null},{"id":"15569989108522","album_id":"15544334644858","photo_id":"15549499226620","folder_id":"15569558437702","position":"0","note":null},{"id":"15569991928141","album_id":"15544334644858","photo_id":"15549499222024","folder_id":"15549499222024","position":"0","note":null},{"id":"15569992179935","album_id":"15544334644858","photo_id":"15549499223342","folder_id":"15549499223342","position":"0","note":null},{"id":"15569992849977","album_id":"15544334644858","photo_id":"15549499224302","folder_id":"0","position":"0","note":null},{"id":"15569992971138","album_id":"15544334644858","photo_id":"15549499224302","folder_id":"0","position":"0","note":null},{"id":"15569994740467","album_id":"15544334644858","photo_id":"15549499220516","folder_id":"15569558561311","position":"0","note":null},{"id":"15569995564152","album_id":"15544334644858","photo_id":"15549499230781","folder_id":"15569887486894","position":"0","note":null},{"id":"15570006342964","album_id":"15544334644858","photo_id":"15549499229540","folder_id":"15569889519257","position":"0","note":null},{"id":"15570013388356","album_id":"15544334644858","photo_id":"15549499224302","folder_id":"15570012867449","position":"0","note":null}],"folders":[{"id":"15569558437702","album_id":"15544334644858","title":"Untitled","parent_folder":null,"position":"0","note":null,"import_id":null},{"id":"15569558561311","album_id":"15544334644858","title":"Folder 1","parent_folder":null,"position":"0","note":null,"import_id":null},{"id":"15569856288016","album_id":"15544334644858","title":"Folder 2","parent_folder":null,"position":"0","note":null,"import_id":null},{"id":"15569887486894","album_id":"15544334644858","title":"Folder 3","parent_folder":null,"position":"0","note":null,"import_id":null},{"id":"15569889519257","album_id":"15544334644858","title":"Child folder 1","parent_folder":"15569558561311","position":"0","note":null,"import_id":null},{"id":"15570012867449","album_id":"15544334644858","title":"Child 2","parent_folder":"15569558561311","position":"0","note":null,"import_id":null}]}